article_url,article_category,publication_datetime
https://kun.uz/news/2024/02/10/toshkent-viloyatida-tunda-mashinalar-ballonini-ogirlayotgan-guruh-ushlandi,ЎЗБЕКИСТОН,2024-02-10 23:19:00
https://kun.uz/news/2024/02/10/qoraqalpogistonning-qator-tumanlari-vaqtincha-elektrsiz-qoldi,ЎЗБЕКИСТОН,2024-02-10 21:56:00
https://kun.uz/news/2024/02/10/buxoro-mamuriy-markazini-kochirish-uchun-pul-qayerdan-olinadi,ЎЗБЕКИСТОН,2024-02-10 18:58:00
https://kun.uz/news/2024/02/10/toshkentda-mercedes-benz-qarzdorlik-sabab-auksionda-sotiladi,ЎЗБЕКИСТОН,2024-02-10 18:27:00
https://kun.uz/news/2024/02/10/toshkent-aeroportida-yolovchilar-uchun-alohida-yolak-ajratildi,ЎЗБЕКИСТОН,2024-02-10 16:44:00
https://kun.uz/news/2024/02/10/avtobus-saroylaridagi-bitmagan-metan-shoxobchalar-hukumat-darajasidagi-loyihaga-kim-tosqinlik-qilyapti,ЎЗБЕКИСТОН,2024-02-10 15:58:00
https://kun.uz/news/2024/02/10/taniqli-klipmeyker-jasur-shametov-39-yoshida-vafot-etdi,ЎЗБЕКИСТОН,2024-02-10 15:29:00
https://kun.uz/news/2024/02/10/samarqandda-aholiga-imtiyozli-narxda-sotilgan-gaz-pulini-ozlashtirgan-tuman-gaz-idorasi-xodimlari-ushlandi,ЎЗБЕКИСТОН,2024-02-10 15:22:00
https://kun.uz/news/2024/02/10/andijonda-tashabbusli-budjet-loyihalari-ijrosida-moliyaviy-xatolarga-yol-qoyilgan-senat,ЎЗБЕКИСТОН,2024-02-10 14:42:00
https://kun.uz/news/2024/02/10/bogcha-va-maktablar-qurish-boyicha-buyurtmachi-kompaniya-tashkil-etildi,ЎЗБЕКИСТОН,2024-02-10 13:15:00
https://kun.uz/news/2024/02/10/davlat-bogchalarida-pedagoglarning-haftalik-ish-yuklamasi-qanchaligi-malum-qilindi,ЎЗБЕКИСТОН,2024-02-10 12:02:00
https://kun.uz/news/2024/02/10/toshkentda-2-yoshli-qizchaning-barmogi-temir-xalqaga-tiqilib-qoldi-qutqaruvchilar-yordamga-borgan,ЎЗБЕКИСТОН,2024-02-10 12:01:00
https://kun.uz/news/2024/02/10/toshkentda-yol-chetiga-chiqindi-tashlagan-ypx-xodimi-jarimaga-tortildi,ЎЗБЕКИСТОН,2024-02-10 11:03:00
https://kun.uz/news/2024/02/10/lisenziyasi-bekor-qilingan-xususiy-oliygohlarning-talabalari-kochada-qolmaydi-vazirlik,ЎЗБЕКИСТОН,2024-02-10 10:35:00
https://kun.uz/news/2024/02/10/namanganda-kanalga-tushib-ketgan-nexia-2-olti-kundan-keyin-topildi,ЎЗБЕКИСТОН,2024-02-10 09:56:00
https://kun.uz/news/2024/02/10/qashqadaryoda-yuzlab-odamlarni-qariyb-65-mlrd-somga-chuv-tushirgan-firibgarlar-qidirilmoqda,ЎЗБЕКИСТОН,2024-02-10 08:39:00
https://kun.uz/news/2024/02/10/dars-qoldirayotgan-oquvchilarning-xonadoniga-ogohlantirish-xati-yuboriladi,ЎЗБЕКИСТОН,2024-02-10 08:06:00
https://kun.uz/news/2024/02/10/buxoroda-sodir-bolgan-ythda-5-kishi-halok-boldi,ЎЗБЕКИСТОН,2024-02-10 07:59:00
https://kun.uz/news/2024/02/10/vengriya-prezidenti-katalin-novak-mojaro-ortidan-istefoga-chiqdi,ЖАҲОН,2024-02-10 22:37:00
https://kun.uz/news/2024/02/10/fransiya-ukrainaga-caesar-gaubitsalarini-beradi-zelenskiy,ЖАҲОН,2024-02-10 22:04:00
https://kun.uz/news/2024/02/10/rafahga-hujum-tahdidi-putinga-polshadan-javob-va-chernobildagi-rakka-chidamli-borilar-kun-dayjesti,ЖАҲОН,2024-02-10 21:45:00
https://kun.uz/news/2024/02/10/ukrainada-havo-hujumidan-mudofaa-snaryadlarining-bir-oylik-zaxirasi-qoldi-oav,ЖАҲОН,2024-02-10 21:13:00
https://kun.uz/news/2024/02/10/fransiyadagi-atom-elektr-stansiyasida-yongin-sodir-boldi,ЖАҲОН,2024-02-10 21:12:00
https://kun.uz/news/2024/02/10/rossiya-ukraina-elchixonasi-bilan-ijara-shartnomasini-bekor-qildi,ЖАҲОН,2024-02-10 19:52:00
https://kun.uz/news/2024/02/10/jiu-jitsu-boyicha-jahon-chempioni-qozogiston-prezidentini-qoriqlaydi,ЖАҲОН,2024-02-10 19:30:00
https://kun.uz/news/2024/02/10/parijda-yoltanlamas-avtomobillar-uchun-parkovka-tolovi-3-baravar-oshiriladi,ЖАҲОН,2024-02-10 18:16:00
https://kun.uz/news/2024/02/10/ukrainada-bosh-qomondon-almashdi-strategik-vazifalar-ham-ozgaradimi,ЖАҲОН,2024-02-10 18:11:00
https://kun.uz/news/2024/02/10/1991-yildan-keyin-possovet-davlatlaridagi-demografik-vaziyat-qanday-ozgardi,ЖАҲОН,2024-02-10 16:05:00
https://kun.uz/news/2024/02/10/bir-surat-tarixi-koreya-urushida-qatnashgan-turk-askari-60-yildan-song-koreys-qizini-qanday-topgandi,ЖАҲОН,2024-02-10 14:09:00
https://kun.uz/news/2024/02/10/aqsh-prokurori-baydenni-xotirasi-cheklangan-keksa-odam-dedi-prezidentning-bundan-jahli-chiqdi,ЖАҲОН,2024-02-10 09:03:00
https://kun.uz/news/2024/02/10/rossiyada-mehnat-muhojirlari-va-qoriqchilar-ortasida-ommaviy-mushtlashuv-sodir-boldi,ЖАҲОН,2024-02-10 08:14:00
https://kun.uz/news/2024/02/10/songgi-manzilga-eltuvchi-chobin-ot-tobut-qanday-yasaladi,ЖАМИЯТ,2024-02-10 20:45:00
https://kun.uz/news/2024/02/10/buklanadigan-iphone-eng-ishonchli-avtomobillar-va-eng-kop-sotilgan-smartfonlar-hafta-texnodayjesti,ФАН-ТЕХНИКА,2024-02-10 21:18:00
https://kun.uz/news/2024/02/10/osiyo-kubogi-2023-qatar-iordaniyani-maglub-etib-ketma-ket-ikkinchi-marta-osiyo-chempioniga-aylandi,СПОРТ,2024-02-10 22:14:00
https://kun.uz/news/2024/02/10/la-liga-va-bundesligada-peshqadamlik-uchun-jang-myu-inter-va-milanda-navbatdagi-sinov-hafta-oyinlari-anonsi,СПОРТ,2024-02-10 13:58:00
article_url,article_category,publication_datetime
https://kun.uz/news/2024/02/10/toshkent-viloyatida-tunda-mashinalar-ballonini-ogirlayotgan-guruh-ushlandi,ЎЗБЕКИСТОН,2024-02-10 23:19:00
https://kun.uz/news/2024/02/10/qoraqalpogistonning-qator-tumanlari-vaqtincha-elektrsiz-qoldi,ЎЗБЕКИСТОН,2024-02-10 21:56:00
https://kun.uz/news/2024/02/10/buxoro-mamuriy-markazini-kochirish-uchun-pul-qayerdan-olinadi,ЎЗБЕКИСТОН,2024-02-10 18:58:00
https://kun.uz/news/2024/02/10/toshkentda-mercedes-benz-qarzdorlik-sabab-auksionda-sotiladi,ЎЗБЕКИСТОН,2024-02-10 18:27:00
https://kun.uz/news/2024/02/10/toshkent-aeroportida-yolovchilar-uchun-alohida-yolak-ajratildi,ЎЗБЕКИСТОН,2024-02-10 16:44:00
https://kun.uz/news/2024/02/10/avtobus-saroylaridagi-bitmagan-metan-shoxobchalar-hukumat-darajasidagi-loyihaga-kim-tosqinlik-qilyapti,ЎЗБЕКИСТОН,2024-02-10 15:58:00
https://kun.uz/news/2024/02/10/taniqli-klipmeyker-jasur-shametov-39-yoshida-vafot-etdi,ЎЗБЕКИСТОН,2024-02-10 15:29:00
https://kun.uz/news/2024/02/10/samarqandda-aholiga-imtiyozli-narxda-sotilgan-gaz-pulini-ozlashtirgan-tuman-gaz-idorasi-xodimlari-ushlandi,ЎЗБЕКИСТОН,2024-02-10 15:22:00
https://kun.uz/news/2024/02/10/andijonda-tashabbusli-budjet-loyihalari-ijrosida-moliyaviy-xatolarga-yol-qoyilgan-senat,ЎЗБЕКИСТОН,2024-02-10 14:42:00
https://kun.uz/news/2024/02/10/bogcha-va-maktablar-qurish-boyicha-buyurtmachi-kompaniya-tashkil-etildi,ЎЗБЕКИСТОН,2024-02-10 13:15:00
https://kun.uz/news/2024/02/10/davlat-bogchalarida-pedagoglarning-haftalik-ish-yuklamasi-qanchaligi-malum-qilindi,ЎЗБЕКИСТОН,2024-02-10 12:02:00
https://kun.uz/news/2024/02/10/toshkentda-2-yoshli-qizchaning-barmogi-temir-xalqaga-tiqilib-qoldi-qutqaruvchilar-yordamga-borgan,ЎЗБЕКИСТОН,2024-02-10 12:01:00
https://kun.uz/news/2024/02/10/toshkentda-yol-chetiga-chiqindi-tashlagan-ypx-xodimi-jarimaga-tortildi,ЎЗБЕКИСТОН,2024-02-10 11:03:00
https://kun.uz/news/2024/02/10/lisenziyasi-bekor-qilingan-xususiy-oliygohlarning-talabalari-kochada-qolmaydi-vazirlik,ЎЗБЕКИСТОН,2024-02-10 10:35:00
https://kun.uz/news/2024/02/10/namanganda-kanalga-tushib-ketgan-nexia-2-olti-kundan-keyin-topildi,ЎЗБЕКИСТОН,2024-02-10 09:56:00
https://kun.uz/news/2024/02/10/qashqadaryoda-yuzlab-odamlarni-qariyb-65-mlrd-somga-chuv-tushirgan-firibgarlar-qidirilmoqda,ЎЗБЕКИСТОН,2024-02-10 08:39:00
https://kun.uz/news/2024/02/10/dars-qoldirayotgan-oquvchilarning-xonadoniga-ogohlantirish-xati-yuboriladi,ЎЗБЕКИСТОН,2024-02-10 08:06:00
https://kun.uz/news/2024/02/10/buxoroda-sodir-bolgan-ythda-5-kishi-halok-boldi,ЎЗБЕКИСТОН,2024-02-10 07:59:00
https://kun.uz/news/2024/02/10/vengriya-prezidenti-katalin-novak-mojaro-ortidan-istefoga-chiqdi,ЖАҲОН,2024-02-10 22:37:00
https://kun.uz/news/2024/02/10/fransiya-ukrainaga-caesar-gaubitsalarini-beradi-zelenskiy,ЖАҲОН,2024-02-10 22:04:00
https://kun.uz/news/2024/02/10/rafahga-hujum-tahdidi-putinga-polshadan-javob-va-chernobildagi-rakka-chidamli-borilar-kun-dayjesti,ЖАҲОН,2024-02-10 21:45:00
https://kun.uz/news/2024/02/10/ukrainada-havo-hujumidan-mudofaa-snaryadlarining-bir-oylik-zaxirasi-qoldi-oav,ЖАҲОН,2024-02-10 21:13:00
https://kun.uz/news/2024/02/10/fransiyadagi-atom-elektr-stansiyasida-yongin-sodir-boldi,ЖАҲОН,2024-02-10 21:12:00
https://kun.uz/news/2024/02/10/rossiya-ukraina-elchixonasi-bilan-ijara-shartnomasini-bekor-qildi,ЖАҲОН,2024-02-10 19:52:00
https://kun.uz/news/2024/02/10/jiu-jitsu-boyicha-jahon-chempioni-qozogiston-prezidentini-qoriqlaydi,ЖАҲОН,2024-02-10 19:30:00
https://kun.uz/news/2024/02/10/parijda-yoltanlamas-avtomobillar-uchun-parkovka-tolovi-3-baravar-oshiriladi,ЖАҲОН,2024-02-10 18:16:00
https://kun.uz/news/2024/02/10/ukrainada-bosh-qomondon-almashdi-strategik-vazifalar-ham-ozgaradimi,ЖАҲОН,2024-02-10 18:11:00
https://kun.uz/news/2024/02/10/1991-yildan-keyin-possovet-davlatlaridagi-demografik-vaziyat-qanday-ozgardi,ЖАҲОН,2024-02-10 16:05:00
https://kun.uz/news/2024/02/10/bir-surat-tarixi-koreya-urushida-qatnashgan-turk-askari-60-yildan-song-koreys-qizini-qanday-topgandi,ЖАҲОН,2024-02-10 14:09:00
https://kun.uz/news/2024/02/10/aqsh-prokurori-baydenni-xotirasi-cheklangan-keksa-odam-dedi-prezidentning-bundan-jahli-chiqdi,ЖАҲОН,2024-02-10 09:03:00
https://kun.uz/news/2024/02/10/rossiyada-mehnat-muhojirlari-va-qoriqchilar-ortasida-ommaviy-mushtlashuv-sodir-boldi,ЖАҲОН,2024-02-10 08:14:00
